CPI for Urban Wage Earners and Clerical Workers (CPI-W),,,,,
Original Data Value,,,,,
,,,,,
Series Id:,CWUR0000SAF1,,,,
Not Seasonally Adjusted,,,,,
Series Title:,"Food in U.S. city average, urban wage earners and clerical workers, not seasonally adjusted",,,,
Area:,U.S. city average,,,,
Item:,Food,,,,
Base Period:,1982-84=100,,,,
Years:,1935 to 2020,,,,
,,,,,
Series ID,Year,Period,Value,,
CWUR0000SAF1,1935,M01,12.2,,
CWUR0000SAF1,1935,M02,12.4,,
CWUR0000SAF1,1935,M03,12.4,,
CWUR0000SAF1,1935,M04,12.6,,
CWUR0000SAF1,1935,M05,12.6,,
CWUR0000SAF1,1935,M06,12.5,,
CWUR0000SAF1,1935,M07,12.3,,
CWUR0000SAF1,1935,M08,12.3,,
CWUR0000SAF1,1935,M09,12.5,,
CWUR0000SAF1,1935,M10,12.4,,
CWUR0000SAF1,1935,M11,12.6,,
CWUR0000SAF1,1935,M12,12.7,,
CWUR0000SAF1,1936,M01,12.6,,
CWUR0000SAF1,1936,M02,12.4,,
CWUR0000SAF1,1936,M03,12.2,,
CWUR0000SAF1,1936,M04,12.2,,
CWUR0000SAF1,1936,M05,12.2,,
CWUR0000SAF1,1936,M06,12.6,,
CWUR0000SAF1,1936,M07,12.7,,
CWUR0000SAF1,1936,M08,12.9,,
CWUR0000SAF1,1936,M09,13.0,,
CWUR0000SAF1,1936,M10,12.8,,
CWUR0000SAF1,1936,M11,12.6,,
CWUR0000SAF1,1936,M12,12.6,,
CWUR0000SAF1,1937,M01,12.8,,
CWUR0000SAF1,1937,M02,12.9,,
CWUR0000SAF1,1937,M03,13.1,,
CWUR0000SAF1,1937,M04,13.1,,
CWUR0000SAF1,1937,M05,13.2,,
CWUR0000SAF1,1937,M06,13.2,,
CWUR0000SAF1,1937,M07,13.2,,
CWUR0000SAF1,1937,M08,13.3,,
CWUR0000SAF1,1937,M09,13.4,,
CWUR0000SAF1,1937,M10,13.2,,
CWUR0000SAF1,1937,M11,12.9,,
CWUR0000SAF1,1937,M12,12.7,,
CWUR0000SAF1,1938,M01,12.4,,
CWUR0000SAF1,1938,M02,12.1,,
CWUR0000SAF1,1938,M03,12.1,,
CWUR0000SAF1,1938,M04,12.2,,
CWUR0000SAF1,1938,M05,12.1,,
CWUR0000SAF1,1938,M06,12.2,,
CWUR0000SAF1,1938,M07,12.2,,
CWUR0000SAF1,1938,M08,12.1,,
CWUR0000SAF1,1938,M09,12.2,,
CWUR0000SAF1,1938,M10,12.1,,
CWUR0000SAF1,1938,M11,11.9,,
CWUR0000SAF1,1938,M12,12.1,,
CWUR0000SAF1,1939,M01,11.9,,
CWUR0000SAF1,1939,M02,11.8,,
CWUR0000SAF1,1939,M03,11.8,,
CWUR0000SAF1,1939,M04,11.7,,
CWUR0000SAF1,1939,M05,11.7,,
CWUR0000SAF1,1939,M06,11.6,,
CWUR0000SAF1,1939,M07,11.7,,
CWUR0000SAF1,1939,M08,11.6,,
CWUR0000SAF1,1939,M09,12.2,,
CWUR0000SAF1,1939,M10,12.1,,
CWUR0000SAF1,1939,M11,12.0,,
CWUR0000SAF1,1939,M12,11.8,,
CWUR0000SAF1,1940,M01,11.8,,
CWUR0000SAF1,1940,M02,12.0,,
CWUR0000SAF1,1940,M03,11.9,,
CWUR0000SAF1,1940,M04,11.9,,
CWUR0000SAF1,1940,M05,12.0,,
CWUR0000SAF1,1940,M06,12.2,,
CWUR0000SAF1,1940,M07,12.1,,
CWUR0000SAF1,1940,M08,11.9,,
CWUR0000SAF1,1940,M09,12.1,,
CWUR0000SAF1,1940,M10,11.9,,
CWUR0000SAF1,1940,M11,11.9,,
CWUR0000SAF1,1940,M12,12.1,,
CWUR0000SAF1,1941,M01,12.1,,
CWUR0000SAF1,1941,M02,12.2,,
CWUR0000SAF1,1941,M03,12.2,,
CWUR0000SAF1,1941,M04,12.5,,
CWUR0000SAF1,1941,M05,12.7,,
CWUR0000SAF1,1941,M06,13.1,,
CWUR0000SAF1,1941,M07,13.2,,
CWUR0000SAF1,1941,M08,13.4,,
CWUR0000SAF1,1941,M09,13.7,,
CWUR0000SAF1,1941,M10,13.8,,
CWUR0000SAF1,1941,M11,14.0,,
CWUR0000SAF1,1941,M12,14.0,,
CWUR0000SAF1,1942,M01,14.4,,
CWUR0000SAF1,1942,M02,14.5,,
CWUR0000SAF1,1942,M03,14.7,,
CWUR0000SAF1,1942,M04,14.9,,
CWUR0000SAF1,1942,M05,15.1,,
CWUR0000SAF1,1942,M06,15.3,,
CWUR0000SAF1,1942,M07,15.5,,
CWUR0000SAF1,1942,M08,15.6,,
CWUR0000SAF1,1942,M09,15.7,,
CWUR0000SAF1,1942,M10,16.1,,
CWUR0000SAF1,1942,M11,16.3,,
CWUR0000SAF1,1942,M12,16.5,,
CWUR0000SAF1,1943,M01,16.5,,
CWUR0000SAF1,1943,M02,16.6,,
CWUR0000SAF1,1943,M03,17.0,,
CWUR0000SAF1,1943,M04,17.4,,
CWUR0000SAF1,1943,M05,17.8,,
CWUR0000SAF1,1943,M06,17.6,,
CWUR0000SAF1,1943,M07,17.2,,
CWUR0000SAF1,1943,M08,17.0,,
CWUR0000SAF1,1943,M09,17.0,,
CWUR0000SAF1,1943,M10,17.1,,
CWUR0000SAF1,1943,M11,17.0,,
CWUR0000SAF1,1943,M12,17.0,,
CWUR0000SAF1,1944,M01,16.9,,
CWUR0000SAF1,1944,M02,16.7,,
CWUR0000SAF1,1944,M03,16.7,,
CWUR0000SAF1,1944,M04,16.7,,
CWUR0000SAF1,1944,M05,16.8,,
CWUR0000SAF1,1944,M06,16.8,,
CWUR0000SAF1,1944,M07,17.0,,
CWUR0000SAF1,1944,M08,17.1,,
CWUR0000SAF1,1944,M09,17.0,,
CWUR0000SAF1,1944,M10,16.9,,
CWUR0000SAF1,1944,M11,16.9,,
CWUR0000SAF1,1944,M12,17.0,,
CWUR0000SAF1,1945,M01,17.0,,
CWUR0000SAF1,1945,M02,16.9,,
CWUR0000SAF1,1945,M03,16.9,,
CWUR0000SAF1,1945,M04,16.9,,
CWUR0000SAF1,1945,M05,17.2,,
CWUR0000SAF1,1945,M06,17.5,,
CWUR0000SAF1,1945,M07,17.6,,
CWUR0000SAF1,1945,M08,17.5,,
CWUR0000SAF1,1945,M09,17.3,,
CWUR0000SAF1,1945,M10,17.3,,
CWUR0000SAF1,1945,M11,17.4,,
CWUR0000SAF1,1945,M12,17.6,,
CWUR0000SAF1,1946,M01,17.5,,
CWUR0000SAF1,1946,M02,17.3,,
CWUR0000SAF1,1946,M03,17.4,,
CWUR0000SAF1,1946,M04,17.6,,
CWUR0000SAF1,1946,M05,17.7,,
CWUR0000SAF1,1946,M06,18.1,,
CWUR0000SAF1,1946,M07,20.5,,
CWUR0000SAF1,1946,M08,21.3,,
CWUR0000SAF1,1946,M09,21.6,,
CWUR0000SAF1,1946,M10,22.3,,
CWUR0000SAF1,1946,M11,23.3,,
CWUR0000SAF1,1946,M12,23.1,,
CWUR0000SAF1,1947,M01,22.8,,
CWUR0000SAF1,1947,M02,22.6,,
CWUR0000SAF1,1947,M03,23.5,,
CWUR0000SAF1,1947,M04,23.3,,
CWUR0000SAF1,1947,M05,23.3,,
CWUR0000SAF1,1947,M06,23.7,,
CWUR0000SAF1,1947,M07,24.0,,
CWUR0000SAF1,1947,M08,24.4,,
CWUR0000SAF1,1947,M09,25.2,,
CWUR0000SAF1,1947,M10,25.0,,
CWUR0000SAF1,1947,M11,25.2,,
CWUR0000SAF1,1947,M12,25.7,,
CWUR0000SAF1,1948,M01,26.0,,
CWUR0000SAF1,1948,M02,25.4,,
CWUR0000SAF1,1948,M03,25.1,,
CWUR0000SAF1,1948,M04,25.8,,
CWUR0000SAF1,1948,M05,26.2,,
CWUR0000SAF1,1948,M06,26.6,,
CWUR0000SAF1,1948,M07,26.9,,
CWUR0000SAF1,1948,M08,26.9,,
CWUR0000SAF1,1948,M09,26.7,,
CWUR0000SAF1,1948,M10,26.2,,
CWUR0000SAF1,1948,M11,25.7,,
CWUR0000SAF1,1948,M12,25.5,,
CWUR0000SAF1,1949,M01,25.4,,
CWUR0000SAF1,1949,M02,24.8,,
CWUR0000SAF1,1949,M03,25.0,,
CWUR0000SAF1,1949,M04,25.2,,
CWUR0000SAF1,1949,M05,25.1,,
CWUR0000SAF1,1949,M06,25.4,,
CWUR0000SAF1,1949,M07,25.0,,
CWUR0000SAF1,1949,M08,25.2,,
CWUR0000SAF1,1949,M09,25.4,,
CWUR0000SAF1,1949,M10,24.9,,
CWUR0000SAF1,1949,M11,24.9,,
CWUR0000SAF1,1949,M12,24.5,,
CWUR0000SAF1,1950,M01,24.3,,
CWUR0000SAF1,1950,M02,24.2,,
CWUR0000SAF1,1950,M03,24.4,,
CWUR0000SAF1,1950,M04,24.5,,
CWUR0000SAF1,1950,M05,24.8,,
CWUR0000SAF1,1950,M06,25.2,,
CWUR0000SAF1,1950,M07,25.9,,
CWUR0000SAF1,1950,M08,26.1,,
CWUR0000SAF1,1950,M09,26.1,,
CWUR0000SAF1,1950,M10,26.1,,
CWUR0000SAF1,1950,M11,26.2,,
CWUR0000SAF1,1950,M12,26.9,,
CWUR0000SAF1,1951,M01,27.5,,
CWUR0000SAF1,1951,M02,28.0,,
CWUR0000SAF1,1951,M03,28.1,,
CWUR0000SAF1,1951,M04,28.0,,
CWUR0000SAF1,1951,M05,28.2,,
CWUR0000SAF1,1951,M06,28.1,,
CWUR0000SAF1,1951,M07,28.3,,
CWUR0000SAF1,1951,M08,28.2,,
CWUR0000SAF1,1951,M09,28.2,,
CWUR0000SAF1,1951,M10,28.5,,
CWUR0000SAF1,1951,M11,28.7,,
CWUR0000SAF1,1951,M12,28.8,,
CWUR0000SAF1,1952,M01,28.8,,
CWUR0000SAF1,1952,M02,28.2,,
CWUR0000SAF1,1952,M03,28.3,,
CWUR0000SAF1,1952,M04,28.6,,
CWUR0000SAF1,1952,M05,28.7,,
CWUR0000SAF1,1952,M06,28.7,,
CWUR0000SAF1,1952,M07,29.2,,
CWUR0000SAF1,1952,M08,29.2,,
CWUR0000SAF1,1952,M09,28.9,,
CWUR0000SAF1,1952,M10,28.8,,
CWUR0000SAF1,1952,M11,28.8,,
CWUR0000SAF1,1952,M12,28.5,,
CWUR0000SAF1,1953,M01,28.4,,
CWUR0000SAF1,1953,M02,27.9,,
CWUR0000SAF1,1953,M03,28.0,,
CWUR0000SAF1,1953,M04,27.9,,
CWUR0000SAF1,1953,M05,28.1,,
CWUR0000SAF1,1953,M06,28.5,,
CWUR0000SAF1,1953,M07,28.5,,
CWUR0000SAF1,1953,M08,28.6,,
CWUR0000SAF1,1953,M09,28.5,,
CWUR0000SAF1,1953,M10,28.5,,
CWUR0000SAF1,1953,M11,28.1,,
CWUR0000SAF1,1953,M12,28.1,,
CWUR0000SAF1,1954,M01,28.4,,
CWUR0000SAF1,1954,M02,28.2,,
CWUR0000SAF1,1954,M03,28.1,,
CWUR0000SAF1,1954,M04,28.2,,
CWUR0000SAF1,1954,M05,28.4,,
CWUR0000SAF1,1954,M06,28.5,,
CWUR0000SAF1,1954,M07,28.7,,
CWUR0000SAF1,1954,M08,28.6,,
CWUR0000SAF1,1954,M09,28.2,,
CWUR0000SAF1,1954,M10,28.0,,
CWUR0000SAF1,1954,M11,27.9,,
CWUR0000SAF1,1954,M12,27.7,,
CWUR0000SAF1,1955,M01,27.7,,
CWUR0000SAF1,1955,M02,27.8,,
CWUR0000SAF1,1955,M03,27.8,,
CWUR0000SAF1,1955,M04,27.9,,
CWUR0000SAF1,1955,M05,27.9,,
CWUR0000SAF1,1955,M06,27.9,,
CWUR0000SAF1,1955,M07,28.1,,
CWUR0000SAF1,1955,M08,27.9,,
CWUR0000SAF1,1955,M09,28.0,,
CWUR0000SAF1,1955,M10,27.8,,
CWUR0000SAF1,1955,M11,27.5,,
CWUR0000SAF1,1955,M12,27.5,,
CWUR0000SAF1,1956,M01,27.4,,
CWUR0000SAF1,1956,M02,27.3,,
CWUR0000SAF1,1956,M03,27.3,,
CWUR0000SAF1,1956,M04,27.5,,
CWUR0000SAF1,1956,M05,27.8,,
CWUR0000SAF1,1956,M06,28.4,,
CWUR0000SAF1,1956,M07,28.8,,
CWUR0000SAF1,1956,M08,28.4,,
CWUR0000SAF1,1956,M09,28.4,,
CWUR0000SAF1,1956,M10,28.4,,
CWUR0000SAF1,1956,M11,28.3,,
CWUR0000SAF1,1956,M12,28.3,,
CWUR0000SAF1,1957,M01,28.3,,
CWUR0000SAF1,1957,M02,28.5,,
CWUR0000SAF1,1957,M03,28.4,,
CWUR0000SAF1,1957,M04,28.5,,
CWUR0000SAF1,1957,M05,28.7,,
CWUR0000SAF1,1957,M06,29.1,,
CWUR0000SAF1,1957,M07,29.4,,
CWUR0000SAF1,1957,M08,29.5,,
CWUR0000SAF1,1957,M09,29.3,,
CWUR0000SAF1,1957,M10,29.2,,
CWUR0000SAF1,1957,M11,29.1,,
CWUR0000SAF1,1957,M12,29.1,,
CWUR0000SAF1,1958,M01,29.6,,
CWUR0000SAF1,1958,M02,29.8,,
CWUR0000SAF1,1958,M03,30.3,,
CWUR0000SAF1,1958,M04,30.5,,
CWUR0000SAF1,1958,M05,30.5,,
CWUR0000SAF1,1958,M06,30.5,,
CWUR0000SAF1,1958,M07,30.5,,
CWUR0000SAF1,1958,M08,30.3,,
CWUR0000SAF1,1958,M09,30.2,,
CWUR0000SAF1,1958,M10,30.0,,
CWUR0000SAF1,1958,M11,29.9,,
CWUR0000SAF1,1958,M12,29.8,,
CWUR0000SAF1,1959,M01,29.8,,
CWUR0000SAF1,1959,M02,29.6,,
CWUR0000SAF1,1959,M03,29.5,,
CWUR0000SAF1,1959,M04,29.5,,
CWUR0000SAF1,1959,M05,29.5,,
CWUR0000SAF1,1959,M06,29.8,,
CWUR0000SAF1,1959,M07,29.9,,
CWUR0000SAF1,1959,M08,29.7,,
CWUR0000SAF1,1959,M09,29.8,,
CWUR0000SAF1,1959,M10,29.7,,
CWUR0000SAF1,1959,M11,29.5,,
CWUR0000SAF1,1959,M12,29.5,,
CWUR0000SAF1,1960,M01,29.5,,
CWUR0000SAF1,1960,M02,29.4,,
CWUR0000SAF1,1960,M03,29.5,,
CWUR0000SAF1,1960,M04,30.0,,
CWUR0000SAF1,1960,M05,30.0,,
CWUR0000SAF1,1960,M06,30.2,,
CWUR0000SAF1,1960,M07,30.2,,
CWUR0000SAF1,1960,M08,30.1,,
CWUR0000SAF1,1960,M09,30.2,,
CWUR0000SAF1,1960,M10,30.3,,
CWUR0000SAF1,1960,M11,30.4,,
CWUR0000SAF1,1960,M12,30.4,,
CWUR0000SAF1,1961,M01,30.4,,
CWUR0000SAF1,1961,M02,30.4,,
CWUR0000SAF1,1961,M03,30.4,,
CWUR0000SAF1,1961,M04,30.4,,
CWUR0000SAF1,1961,M05,30.3,,
CWUR0000SAF1,1961,M06,30.3,,
CWUR0000SAF1,1961,M07,30.6,,
CWUR0000SAF1,1961,M08,30.4,,
CWUR0000SAF1,1961,M09,30.4,,
CWUR0000SAF1,1961,M10,30.3,,
CWUR0000SAF1,1961,M11,30.2,,
CWUR0000SAF1,1961,M12,30.2,,
CWUR0000SAF1,1962,M01,30.3,,
CWUR0000SAF1,1962,M02,30.5,,
CWUR0000SAF1,1962,M03,30.5,,
CWUR0000SAF1,1962,M04,30.6,,
CWUR0000SAF1,1962,M05,30.5,,
CWUR0000SAF1,1962,M06,30.6,,
CWUR0000SAF1,1962,M07,30.7,,
CWUR0000SAF1,1962,M08,30.7,,
CWUR0000SAF1,1962,M09,31.0,,
CWUR0000SAF1,1962,M10,30.8,,
CWUR0000SAF1,1962,M11,30.8,,
CWUR0000SAF1,1962,M12,30.6,,
CWUR0000SAF1,1963,M01,31.0,,
CWUR0000SAF1,1963,M02,31.0,,
CWUR0000SAF1,1963,M03,30.9,,
CWUR0000SAF1,1963,M04,30.8,,
CWUR0000SAF1,1963,M05,30.8,,
CWUR0000SAF1,1963,M06,31.0,,
CWUR0000SAF1,1963,M07,31.4,,
CWUR0000SAF1,1963,M08,31.4,,
CWUR0000SAF1,1963,M09,31.2,,
CWUR0000SAF1,1963,M10,31.0,,
CWUR0000SAF1,1963,M11,31.1,,
CWUR0000SAF1,1963,M12,31.2,,
CWUR0000SAF1,1964,M01,31.3,,
CWUR0000SAF1,1964,M02,31.4,,
CWUR0000SAF1,1964,M03,31.3,,
CWUR0000SAF1,1964,M04,31.3,,
CWUR0000SAF1,1964,M05,31.2,,
CWUR0000SAF1,1964,M06,31.4,,
CWUR0000SAF1,1964,M07,31.7,,
CWUR0000SAF1,1964,M08,31.6,,
CWUR0000SAF1,1964,M09,31.7,,
CWUR0000SAF1,1964,M10,31.6,,
CWUR0000SAF1,1964,M11,31.6,,
CWUR0000SAF1,1964,M12,31.6,,
CWUR0000SAF1,1965,M01,31.5,,
CWUR0000SAF1,1965,M02,31.5,,
CWUR0000SAF1,1965,M03,31.6,,
CWUR0000SAF1,1965,M04,31.7,,
CWUR0000SAF1,1965,M05,31.9,,
CWUR0000SAF1,1965,M06,32.6,,
CWUR0000SAF1,1965,M07,32.8,,
CWUR0000SAF1,1965,M08,32.6,,
CWUR0000SAF1,1965,M09,32.4,,
CWUR0000SAF1,1965,M10,32.4,,
CWUR0000SAF1,1965,M11,32.4,,
CWUR0000SAF1,1965,M12,32.7,,
CWUR0000SAF1,1966,M01,33.0,,
CWUR0000SAF1,1966,M02,33.5,,
CWUR0000SAF1,1966,M03,33.7,,
CWUR0000SAF1,1966,M04,33.7,,
CWUR0000SAF1,1966,M05,33.6,,
CWUR0000SAF1,1966,M06,33.7,,
CWUR0000SAF1,1966,M07,33.8,,
CWUR0000SAF1,1966,M08,34.2,,
CWUR0000SAF1,1966,M09,34.2,,
CWUR0000SAF1,1966,M10,34.2,,
CWUR0000SAF1,1966,M11,34.0,,
CWUR0000SAF1,1966,M12,34.0,,
CWUR0000SAF1,1967,M01,33.9,,
CWUR0000SAF1,1967,M02,33.8,,
CWUR0000SAF1,1967,M03,33.8,,
CWUR0000SAF1,1967,M04,33.6,,
CWUR0000SAF1,1967,M05,33.7,,
CWUR0000SAF1,1967,M06,34.0,,
CWUR0000SAF1,1967,M07,34.3,,
CWUR0000SAF1,1967,M08,34.5,,
CWUR0000SAF1,1967,M09,34.3,,
CWUR0000SAF1,1967,M10,34.2,,
CWUR0000SAF1,1967,M11,34.2,,
CWUR0000SAF1,1967,M12,34.4,,
CWUR0000SAF1,1968,M01,34.6,,
CWUR0000SAF1,1968,M02,34.7,,
CWUR0000SAF1,1968,M03,34.9,,
CWUR0000SAF1,1968,M04,35.0,,
CWUR0000SAF1,1968,M05,35.1,,
CWUR0000SAF1,1968,M06,35.2,,
CWUR0000SAF1,1968,M07,35.5,,
CWUR0000SAF1,1968,M08,35.6,,
CWUR0000SAF1,1968,M09,35.6,,
CWUR0000SAF1,1968,M10,35.7,,
CWUR0000SAF1,1968,M11,35.6,,
CWUR0000SAF1,1968,M12,35.9,,
CWUR0000SAF1,1969,M01,36.1,,
CWUR0000SAF1,1969,M02,36.1,,
CWUR0000SAF1,1969,M03,36.2,,
CWUR0000SAF1,1969,M04,36.4,,
CWUR0000SAF1,1969,M05,36.6,,
CWUR0000SAF1,1969,M06,37.1,,
CWUR0000SAF1,1969,M07,37.5,,
CWUR0000SAF1,1969,M08,37.7,,
CWUR0000SAF1,1969,M09,37.7,,
CWUR0000SAF1,1969,M10,37.6,,
CWUR0000SAF1,1969,M11,37.9,,
CWUR0000SAF1,1969,M12,38.4,,
CWUR0000SAF1,1970,M01,38.7,,
CWUR0000SAF1,1970,M02,38.9,,
CWUR0000SAF1,1970,M03,38.9,,
CWUR0000SAF1,1970,M04,39.1,,
CWUR0000SAF1,1970,M05,39.2,,
CWUR0000SAF1,1970,M06,39.3,,
CWUR0000SAF1,1970,M07,39.5,,
CWUR0000SAF1,1970,M08,39.5,,
CWUR0000SAF1,1970,M09,39.4,,
CWUR0000SAF1,1970,M10,39.4,,
CWUR0000SAF1,1970,M11,39.2,,
CWUR0000SAF1,1970,M12,39.3,,
CWUR0000SAF1,1971,M01,39.4,,
CWUR0000SAF1,1971,M02,39.5,,
CWUR0000SAF1,1971,M03,39.9,,
CWUR0000SAF1,1971,M04,40.1,,
CWUR0000SAF1,1971,M05,40.3,,
CWUR0000SAF1,1971,M06,40.6,,
CWUR0000SAF1,1971,M07,40.8,,
CWUR0000SAF1,1971,M08,40.9,,
CWUR0000SAF1,1971,M09,40.6,,
CWUR0000SAF1,1971,M10,40.5,,
CWUR0000SAF1,1971,M11,40.6,,
CWUR0000SAF1,1971,M12,41.0,,
CWUR0000SAF1,1972,M01,41.0,,
CWUR0000SAF1,1972,M02,41.6,,
CWUR0000SAF1,1972,M03,41.7,,
CWUR0000SAF1,1972,M04,41.7,,
CWUR0000SAF1,1972,M05,41.7,,
CWUR0000SAF1,1972,M06,41.9,,
CWUR0000SAF1,1972,M07,42.3,,
CWUR0000SAF1,1972,M08,42.5,,
CWUR0000SAF1,1972,M09,42.5,,
CWUR0000SAF1,1972,M10,42.6,,
CWUR0000SAF1,1972,M11,42.7,,
CWUR0000SAF1,1972,M12,42.9,,
CWUR0000SAF1,1973,M01,43.8,,
CWUR0000SAF1,1973,M02,44.7,,
CWUR0000SAF1,1973,M03,45.8,,
CWUR0000SAF1,1973,M04,46.5,,
CWUR0000SAF1,1973,M05,47.0,,
CWUR0000SAF1,1973,M06,47.6,,
CWUR0000SAF1,1973,M07,48.0,,
CWUR0000SAF1,1973,M08,50.9,,
CWUR0000SAF1,1973,M09,50.5,,
CWUR0000SAF1,1973,M10,50.6,,
CWUR0000SAF1,1973,M11,51.1,,
CWUR0000SAF1,1973,M12,51.6,,
CWUR0000SAF1,1974,M01,52.4,,
CWUR0000SAF1,1974,M02,53.7,,
CWUR0000SAF1,1974,M03,54.2,,
CWUR0000SAF1,1974,M04,54.0,,
CWUR0000SAF1,1974,M05,54.4,,
CWUR0000SAF1,1974,M06,54.6,,
CWUR0000SAF1,1974,M07,54.7,,
CWUR0000SAF1,1974,M08,55.5,,
CWUR0000SAF1,1974,M09,56.2,,
CWUR0000SAF1,1974,M10,56.6,,
CWUR0000SAF1,1974,M11,57.2,,
CWUR0000SAF1,1974,M12,57.8,,
CWUR0000SAF1,1975,M01,58.2,,
CWUR0000SAF1,1975,M02,58.5,,
CWUR0000SAF1,1975,M03,58.4,,
CWUR0000SAF1,1975,M04,58.3,,
CWUR0000SAF1,1975,M05,58.5,,
CWUR0000SAF1,1975,M06,59.4,,
CWUR0000SAF1,1975,M07,60.9,,
CWUR0000SAF1,1975,M08,60.7,,
CWUR0000SAF1,1975,M09,60.6,,
CWUR0000SAF1,1975,M10,61.0,,
CWUR0000SAF1,1975,M11,61.3,,
CWUR0000SAF1,1975,M12,61.6,,
CWUR0000SAF1,1976,M01,61.6,,
CWUR0000SAF1,1976,M02,61.3,,
CWUR0000SAF1,1976,M03,60.9,,
CWUR0000SAF1,1976,M04,61.1,,
CWUR0000SAF1,1976,M05,61.3,,
CWUR0000SAF1,1976,M06,61.6,,
CWUR0000SAF1,1976,M07,62.1,,
CWUR0000SAF1,1976,M08,62.2,,
CWUR0000SAF1,1976,M09,61.9,,
CWUR0000SAF1,1976,M10,61.9,,
CWUR0000SAF1,1976,M11,61.7,,
CWUR0000SAF1,1976,M12,61.9,,
CWUR0000SAF1,1977,M01,62.5,,
CWUR0000SAF1,1977,M02,64.0,,
CWUR0000SAF1,1977,M03,64.3,,
CWUR0000SAF1,1977,M04,65.1,,
CWUR0000SAF1,1977,M05,65.3,,
CWUR0000SAF1,1977,M06,66.0,,
CWUR0000SAF1,1977,M07,66.3,,
CWUR0000SAF1,1977,M08,66.5,,
CWUR0000SAF1,1977,M09,66.3,,
CWUR0000SAF1,1977,M10,66.2,,
CWUR0000SAF1,1977,M11,66.7,,
CWUR0000SAF1,1977,M12,66.9,,
CWUR0000SAF1,1978,M01,67.8,,
CWUR0000SAF1,1978,M02,68.8,,
CWUR0000SAF1,1978,M03,69.5,,
CWUR0000SAF1,1978,M04,70.6,,
CWUR0000SAF1,1978,M05,71.6,,
CWUR0000SAF1,1978,M06,72.8,,
CWUR0000SAF1,1978,M07,73.2,,
CWUR0000SAF1,1978,M08,73.4,,
CWUR0000SAF1,1978,M09,73.4,,
CWUR0000SAF1,1978,M10,73.8,,
CWUR0000SAF1,1978,M11,74.2,,
CWUR0000SAF1,1978,M12,74.7,,
CWUR0000SAF1,1979,M01,76.3,,
CWUR0000SAF1,1979,M02,77.9,,
CWUR0000SAF1,1979,M03,78.8,,
CWUR0000SAF1,1979,M04,79.3,,
CWUR0000SAF1,1979,M05,79.8,,
CWUR0000SAF1,1979,M06,80.2,,
CWUR0000SAF1,1979,M07,80.8,,
CWUR0000SAF1,1979,M08,80.6,,
CWUR0000SAF1,1979,M09,80.9,,
CWUR0000SAF1,1979,M10,81.2,,
CWUR0000SAF1,1979,M11,81.5,,
CWUR0000SAF1,1979,M12,82.4,,
CWUR0000SAF1,1980,M01,83.2,,
CWUR0000SAF1,1980,M02,83.6,,
CWUR0000SAF1,1980,M03,84.3,,
CWUR0000SAF1,1980,M04,85.0,,
CWUR0000SAF1,1980,M05,85.5,,
CWUR0000SAF1,1980,M06,86.1,,
CWUR0000SAF1,1980,M07,87.1,,
CWUR0000SAF1,1980,M08,88.3,,
CWUR0000SAF1,1980,M09,89.3,,
CWUR0000SAF1,1980,M10,89.8,,
CWUR0000SAF1,1980,M11,90.5,,
CWUR0000SAF1,1980,M12,91.2,,
CWUR0000SAF1,1981,M01,91.7,,
CWUR0000SAF1,1981,M02,92.5,,
CWUR0000SAF1,1981,M03,92.9,,
CWUR0000SAF1,1981,M04,93.1,,
CWUR0000SAF1,1981,M05,93.0,,
CWUR0000SAF1,1981,M06,93.4,,
CWUR0000SAF1,1981,M07,94.3,,
CWUR0000SAF1,1981,M08,94.6,,
CWUR0000SAF1,1981,M09,94.8,,
CWUR0000SAF1,1981,M10,94.7,,
CWUR0000SAF1,1981,M11,94.5,,
CWUR0000SAF1,1981,M12,94.7,,
CWUR0000SAF1,1982,M01,95.8,,
CWUR0000SAF1,1982,M02,96.6,,
CWUR0000SAF1,1982,M03,96.5,,
CWUR0000SAF1,1982,M04,96.8,,
CWUR0000SAF1,1982,M05,97.4,,
CWUR0000SAF1,1982,M06,98.1,,
CWUR0000SAF1,1982,M07,98.4,,
CWUR0000SAF1,1982,M08,98.0,,
CWUR0000SAF1,1982,M09,98.0,,
CWUR0000SAF1,1982,M10,97.9,,
CWUR0000SAF1,1982,M11,97.7,,
CWUR0000SAF1,1982,M12,97.7,,
CWUR0000SAF1,1983,M01,98.3,,
CWUR0000SAF1,1983,M02,98.6,,
CWUR0000SAF1,1983,M03,99.1,,
CWUR0000SAF1,1983,M04,99.5,,
CWUR0000SAF1,1983,M05,99.7,,
CWUR0000SAF1,1983,M06,99.6,,
CWUR0000SAF1,1983,M07,99.5,,
CWUR0000SAF1,1983,M08,99.6,,
CWUR0000SAF1,1983,M09,99.7,,
CWUR0000SAF1,1983,M10,99.8,,
CWUR0000SAF1,1983,M11,99.7,,
CWUR0000SAF1,1983,M12,100.2,,
CWUR0000SAF1,1984,M01,102.0,,
CWUR0000SAF1,1984,M02,103.0,,
CWUR0000SAF1,1984,M03,103.0,,
CWUR0000SAF1,1984,M04,103.0,,
CWUR0000SAF1,1984,M05,102.6,,
CWUR0000SAF1,1984,M06,102.8,,
CWUR0000SAF1,1984,M07,103.2,,
CWUR0000SAF1,1984,M08,103.8,,
CWUR0000SAF1,1984,M09,103.5,,
CWUR0000SAF1,1984,M10,103.6,,
CWUR0000SAF1,1984,M11,103.5,,
CWUR0000SAF1,1984,M12,103.8,,
CWUR0000SAF1,1984,S01,102.7,,
CWUR0000SAF1,1984,S02,103.6,,
CWUR0000SAF1,1985,M01,104.6,,
CWUR0000SAF1,1985,M02,105.3,,
CWUR0000SAF1,1985,M03,105.4,,
CWUR0000SAF1,1985,M04,105.4,,
CWUR0000SAF1,1985,M05,105.1,,
CWUR0000SAF1,1985,M06,105.2,,
CWUR0000SAF1,1985,M07,105.3,,
CWUR0000SAF1,1985,M08,105.3,,
CWUR0000SAF1,1985,M09,105.4,,
CWUR0000SAF1,1985,M10,105.4,,
CWUR0000SAF1,1985,M11,105.8,,
CWUR0000SAF1,1985,M12,106.6,,
CWUR0000SAF1,1985,S01,105.2,,
CWUR0000SAF1,1985,S02,105.6,,
CWUR0000SAF1,1986,M01,107.4,,
CWUR0000SAF1,1986,M02,107.3,,
CWUR0000SAF1,1986,M03,107.3,,
CWUR0000SAF1,1986,M04,107.6,,
CWUR0000SAF1,1986,M05,107.8,,
CWUR0000SAF1,1986,M06,107.9,,
CWUR0000SAF1,1986,M07,108.9,,
CWUR0000SAF1,1986,M08,109.8,,
CWUR0000SAF1,1986,M09,110.0,,
CWUR0000SAF1,1986,M10,110.2,,
CWUR0000SAF1,1986,M11,110.5,,
CWUR0000SAF1,1986,M12,110.7,,
CWUR0000SAF1,1986,S01,107.6,,
CWUR0000SAF1,1986,S02,110.0,,
CWUR0000SAF1,1987,M01,111.9,,
CWUR0000SAF1,1987,M02,112.3,,
CWUR0000SAF1,1987,M03,112.3,,
CWUR0000SAF1,1987,M04,112.5,,
CWUR0000SAF1,1987,M05,113.1,,
CWUR0000SAF1,1987,M06,113.6,,
CWUR0000SAF1,1987,M07,113.5,,
CWUR0000SAF1,1987,M08,113.6,,
CWUR0000SAF1,1987,M09,114.0,,
CWUR0000SAF1,1987,M10,114.1,,
CWUR0000SAF1,1987,M11,114.0,,
CWUR0000SAF1,1987,M12,114.5,,
CWUR0000SAF1,1987,S01,112.6,,
CWUR0000SAF1,1987,S02,114.0,,
CWUR0000SAF1,1988,M01,115.4,,
CWUR0000SAF1,1988,M02,115.4,,
CWUR0000SAF1,1988,M03,115.6,,
CWUR0000SAF1,1988,M04,116.2,,
CWUR0000SAF1,1988,M05,116.7,,
CWUR0000SAF1,1988,M06,117.3,,
CWUR0000SAF1,1988,M07,118.5,,
CWUR0000SAF1,1988,M08,119.2,,
CWUR0000SAF1,1988,M09,119.9,,
CWUR0000SAF1,1988,M10,120.1,,
CWUR0000SAF1,1988,M11,119.9,,
CWUR0000SAF1,1988,M12,120.4,,
CWUR0000SAF1,1988,S01,116.1,,
CWUR0000SAF1,1988,S02,119.7,,
CWUR0000SAF1,1989,M01,121.9,,
CWUR0000SAF1,1989,M02,122.6,,
CWUR0000SAF1,1989,M03,123.3,,
CWUR0000SAF1,1989,M04,123.9,,
CWUR0000SAF1,1989,M05,124.6,,
CWUR0000SAF1,1989,M06,124.8,,
CWUR0000SAF1,1989,M07,125.3,,
CWUR0000SAF1,1989,M08,125.5,,
CWUR0000SAF1,1989,M09,125.8,,
CWUR0000SAF1,1989,M10,126.2,,
CWUR0000SAF1,1989,M11,126.6,,
CWUR0000SAF1,1989,M12,127.1,,
CWUR0000SAF1,1989,S01,123.5,,
CWUR0000SAF1,1989,S02,126.1,,
CWUR0000SAF1,1990,M01,130.1,,
CWUR0000SAF1,1990,M02,131.1,,
CWUR0000SAF1,1990,M03,131.2,,
CWUR0000SAF1,1990,M04,130.9,,
CWUR0000SAF1,1990,M05,131.0,,
CWUR0000SAF1,1990,M06,131.8,,
CWUR0000SAF1,1990,M07,132.4,,
CWUR0000SAF1,1990,M08,132.7,,
CWUR0000SAF1,1990,M09,133.0,,
CWUR0000SAF1,1990,M10,133.4,,
CWUR0000SAF1,1990,M11,133.8,,
CWUR0000SAF1,1990,M12,133.9,,
CWUR0000SAF1,1990,S01,131.0,,
CWUR0000SAF1,1990,S02,133.2,,
CWUR0000SAF1,1991,M01,135.5,,
CWUR0000SAF1,1991,M02,135.2,,
CWUR0000SAF1,1991,M03,135.6,,
CWUR0000SAF1,1991,M04,136.4,,
CWUR0000SAF1,1991,M05,136.5,,
CWUR0000SAF1,1991,M06,136.9,,
CWUR0000SAF1,1991,M07,136.3,,
CWUR0000SAF1,1991,M08,135.8,,
CWUR0000SAF1,1991,M09,135.8,,
CWUR0000SAF1,1991,M10,135.5,,
CWUR0000SAF1,1991,M11,135.9,,
CWUR0000SAF1,1991,M12,136.3,,
CWUR0000SAF1,1991,S01,136.0,,
CWUR0000SAF1,1991,S02,135.9,,
CWUR0000SAF1,1992,M01,136.8,,
CWUR0000SAF1,1992,M02,137.1,,
CWUR0000SAF1,1992,M03,137.7,,
CWUR0000SAF1,1992,M04,137.7,,
CWUR0000SAF1,1992,M05,137.1,,
CWUR0000SAF1,1992,M06,137.1,,
CWUR0000SAF1,1992,M07,136.9,,
CWUR0000SAF1,1992,M08,137.7,,
CWUR0000SAF1,1992,M09,138.1,,
CWUR0000SAF1,1992,M10,138.0,,
CWUR0000SAF1,1992,M11,138.0,,
CWUR0000SAF1,1992,M12,138.3,,
CWUR0000SAF1,1992,S01,137.3,,
CWUR0000SAF1,1992,S02,137.8,,
CWUR0000SAF1,1993,M01,139.4,,
CWUR0000SAF1,1993,M02,139.4,,
CWUR0000SAF1,1993,M03,139.7,,
CWUR0000SAF1,1993,M04,140.2,,
CWUR0000SAF1,1993,M05,140.7,,
CWUR0000SAF1,1993,M06,140.1,,
CWUR0000SAF1,1993,M07,140.1,,
CWUR0000SAF1,1993,M08,140.5,,
CWUR0000SAF1,1993,M09,140.8,,
CWUR0000SAF1,1993,M10,141.3,,
CWUR0000SAF1,1993,M11,141.6,,
CWUR0000SAF1,1993,M12,142.2,,
CWUR0000SAF1,1993,S01,139.9,,
CWUR0000SAF1,1993,S02,141.1,,
CWUR0000SAF1,1994,M01,143.3,,
CWUR0000SAF1,1994,M02,142.5,,
CWUR0000SAF1,1994,M03,142.8,,
CWUR0000SAF1,1994,M04,143.0,,
CWUR0000SAF1,1994,M05,143.1,,
CWUR0000SAF1,1994,M06,143.2,,
CWUR0000SAF1,1994,M07,143.8,,
CWUR0000SAF1,1994,M08,144.4,,
CWUR0000SAF1,1994,M09,144.6,,
CWUR0000SAF1,1994,M10,144.6,,
CWUR0000SAF1,1994,M11,144.8,,
CWUR0000SAF1,1994,M12,146.2,,
CWUR0000SAF1,1994,S01,143.0,,
CWUR0000SAF1,1994,S02,144.7,,
CWUR0000SAF1,1995,M01,146.9,,
CWUR0000SAF1,1995,M02,146.9,,
CWUR0000SAF1,1995,M03,146.8,,
CWUR0000SAF1,1995,M04,147.9,,
CWUR0000SAF1,1995,M05,147.7,,
CWUR0000SAF1,1995,M06,147.4,,
CWUR0000SAF1,1995,M07,147.6,,
CWUR0000SAF1,1995,M08,147.9,,
CWUR0000SAF1,1995,M09,148.5,,
CWUR0000SAF1,1995,M10,148.9,,
CWUR0000SAF1,1995,M11,148.9,,
CWUR0000SAF1,1995,M12,149.4,,
CWUR0000SAF1,1995,S01,147.3,,
CWUR0000SAF1,1995,S02,148.5,,
CWUR0000SAF1,1996,M01,150.5,,
CWUR0000SAF1,1996,M02,150.3,,
CWUR0000SAF1,1996,M03,151.1,,
CWUR0000SAF1,1996,M04,151.7,,
CWUR0000SAF1,1996,M05,151.5,,
CWUR0000SAF1,1996,M06,152.1,,
CWUR0000SAF1,1996,M07,152.8,,
CWUR0000SAF1,1996,M08,153.4,,
CWUR0000SAF1,1996,M09,154.1,,
CWUR0000SAF1,1996,M10,154.9,,
CWUR0000SAF1,1996,M11,155.4,,
CWUR0000SAF1,1996,M12,155.8,,
CWUR0000SAF1,1996,S01,151.2,,
CWUR0000SAF1,1996,S02,154.4,,
CWUR0000SAF1,1997,M01,156.1,,
CWUR0000SAF1,1997,M02,156.0,,
CWUR0000SAF1,1997,M03,156.1,,
CWUR0000SAF1,1997,M04,156.1,,
CWUR0000SAF1,1997,M05,156.1,,
CWUR0000SAF1,1997,M06,156.1,,
CWUR0000SAF1,1997,M07,156.6,,
CWUR0000SAF1,1997,M08,157.1,,
CWUR0000SAF1,1997,M09,157.4,,
CWUR0000SAF1,1997,M10,157.7,,
CWUR0000SAF1,1997,M11,157.9,,
CWUR0000SAF1,1997,M12,158.1,,
CWUR0000SAF1,1997,S01,156.1,,
CWUR0000SAF1,1997,S02,157.5,,
CWUR0000SAF1,1998,M01,159.3,,
CWUR0000SAF1,1998,M02,158.8,,
CWUR0000SAF1,1998,M03,159.1,,
CWUR0000SAF1,1998,M04,159.1,,
CWUR0000SAF1,1998,M05,159.6,,
CWUR0000SAF1,1998,M06,159.5,,
CWUR0000SAF1,1998,M07,159.8,,
CWUR0000SAF1,1998,M08,160.4,,
CWUR0000SAF1,1998,M09,160.4,,
CWUR0000SAF1,1998,M10,161.3,,
CWUR0000SAF1,1998,M11,161.4,,
CWUR0000SAF1,1998,M12,161.5,,
CWUR0000SAF1,1998,S01,159.2,,
CWUR0000SAF1,1998,S02,160.8,,
CWUR0000SAF1,1999,M01,162.8,,
CWUR0000SAF1,1999,M02,162.6,,
CWUR0000SAF1,1999,M03,162.6,,
CWUR0000SAF1,1999,M04,162.6,,
CWUR0000SAF1,1999,M05,162.9,,
CWUR0000SAF1,1999,M06,162.8,,
CWUR0000SAF1,1999,M07,163.0,,
CWUR0000SAF1,1999,M08,163.5,,
CWUR0000SAF1,1999,M09,163.9,,
CWUR0000SAF1,1999,M10,164.4,,
CWUR0000SAF1,1999,M11,164.5,,
CWUR0000SAF1,1999,M12,164.7,,
CWUR0000SAF1,1999,S01,162.7,,
CWUR0000SAF1,1999,S02,164.0,,
CWUR0000SAF1,2000,M01,165.4,,
CWUR0000SAF1,2000,M02,165.6,,
CWUR0000SAF1,2000,M03,165.9,,
CWUR0000SAF1,2000,M04,166.0,,
CWUR0000SAF1,2000,M05,166.7,,
CWUR0000SAF1,2000,M06,166.8,,
CWUR0000SAF1,2000,M07,167.6,,
CWUR0000SAF1,2000,M08,168.1,,
CWUR0000SAF1,2000,M09,168.3,,
CWUR0000SAF1,2000,M10,168.5,,
CWUR0000SAF1,2000,M11,168.3,,
CWUR0000SAF1,2000,M12,169.3,,
CWUR0000SAF1,2000,S01,166.1,,
CWUR0000SAF1,2000,S02,168.4,,
CWUR0000SAF1,2001,M01,170.3,,
CWUR0000SAF1,2001,M02,170.8,,
CWUR0000SAF1,2001,M03,171.1,,
CWUR0000SAF1,2001,M04,171.4,,
CWUR0000SAF1,2001,M05,171.9,,
CWUR0000SAF1,2001,M06,172.4,,
CWUR0000SAF1,2001,M07,173.0,,
CWUR0000SAF1,2001,M08,173.4,,
CWUR0000SAF1,2001,M09,173.5,,
CWUR0000SAF1,2001,M10,174.3,,
CWUR0000SAF1,2001,M11,174.1,,
CWUR0000SAF1,2001,M12,174.1,,
CWUR0000SAF1,2001,S01,171.3,,
CWUR0000SAF1,2001,S02,173.7,,
CWUR0000SAF1,2002,M01,175.2,,
CWUR0000SAF1,2002,M02,175.3,,
CWUR0000SAF1,2002,M03,175.6,,
CWUR0000SAF1,2002,M04,175.5,,
CWUR0000SAF1,2002,M05,175.1,,
CWUR0000SAF1,2002,M06,175.2,,
CWUR0000SAF1,2002,M07,175.4,,
CWUR0000SAF1,2002,M08,175.3,,
CWUR0000SAF1,2002,M09,175.7,,
CWUR0000SAF1,2002,M10,175.7,,
CWUR0000SAF1,2002,M11,176.0,,
CWUR0000SAF1,2002,M12,176.5,,
CWUR0000SAF1,2002,S01,175.3,,
CWUR0000SAF1,2002,S02,175.8,,
CWUR0000SAF1,2003,M01,176.8,,
CWUR0000SAF1,2003,M02,177.7,,
CWUR0000SAF1,2003,M03,177.9,,
CWUR0000SAF1,2003,M04,177.7,,
CWUR0000SAF1,2003,M05,178.1,,
CWUR0000SAF1,2003,M06,178.9,,
CWUR0000SAF1,2003,M07,179.1,,
CWUR0000SAF1,2003,M08,179.7,,
CWUR0000SAF1,2003,M09,180.2,,
CWUR0000SAF1,2003,M10,181.2,,
CWUR0000SAF1,2003,M11,181.9,,
CWUR0000SAF1,2003,M12,183.1,,
CWUR0000SAF1,2003,S01,177.9,,
CWUR0000SAF1,2003,S02,180.9,,
CWUR0000SAF1,2004,M01,183.3,,
CWUR0000SAF1,2004,M02,183.5,,
CWUR0000SAF1,2004,M03,183.8,,
CWUR0000SAF1,2004,M04,183.9,,
CWUR0000SAF1,2004,M05,185.6,,
CWUR0000SAF1,2004,M06,185.9,,
CWUR0000SAF1,2004,M07,186.3,,
CWUR0000SAF1,2004,M08,186.4,,
CWUR0000SAF1,2004,M09,186.2,,
CWUR0000SAF1,2004,M10,187.4,,
CWUR0000SAF1,2004,M11,187.6,,
CWUR0000SAF1,2004,M12,187.9,,
CWUR0000SAF1,2004,S01,184.3,,
CWUR0000SAF1,2004,S02,187.0,,
CWUR0000SAF1,2005,M01,188.5,,
CWUR0000SAF1,2005,M02,188.2,,
CWUR0000SAF1,2005,M03,188.5,,
CWUR0000SAF1,2005,M04,189.6,,
CWUR0000SAF1,2005,M05,190.0,,
CWUR0000SAF1,2005,M06,189.8,,
CWUR0000SAF1,2005,M07,190.2,,
CWUR0000SAF1,2005,M08,190.2,,
CWUR0000SAF1,2005,M09,190.7,,
CWUR0000SAF1,2005,M10,191.4,,
CWUR0000SAF1,2005,M11,191.7,,
CWUR0000SAF1,2005,M12,192.2,,
CWUR0000SAF1,2005,S01,189.1,,
CWUR0000SAF1,2005,S02,191.1,,
CWUR0000SAF1,2006,M01,193.4,,
CWUR0000SAF1,2006,M02,193.3,,
CWUR0000SAF1,2006,M03,193.2,,
CWUR0000SAF1,2006,M04,192.8,,
CWUR0000SAF1,2006,M05,193.3,,
CWUR0000SAF1,2006,M06,193.7,,
CWUR0000SAF1,2006,M07,194.1,,
CWUR0000SAF1,2006,M08,194.7,,
CWUR0000SAF1,2006,M09,195.5,,
CWUR0000SAF1,2006,M10,196.2,,
CWUR0000SAF1,2006,M11,196.0,,
CWUR0000SAF1,2006,M12,196.1,,
CWUR0000SAF1,2006,S01,193.3,,
CWUR0000SAF1,2006,S02,195.4,,
CWUR0000SAF1,2007,M01,197.886,,
CWUR0000SAF1,2007,M02,199.111,,
CWUR0000SAF1,2007,M03,199.589,,
CWUR0000SAF1,2007,M04,200.009,,
CWUR0000SAF1,2007,M05,201.043,,
CWUR0000SAF1,2007,M06,201.722,,
CWUR0000SAF1,2007,M07,202.409,,
CWUR0000SAF1,2007,M08,203.207,,
CWUR0000SAF1,2007,M09,204.241,,
CWUR0000SAF1,2007,M10,205.082,,
CWUR0000SAF1,2007,M11,205.451,,
CWUR0000SAF1,2007,M12,205.855,,
CWUR0000SAF1,2007,S01,199.893,,
CWUR0000SAF1,2007,S02,204.374,,
CWUR0000SAF1,2008,M01,207.794,,
CWUR0000SAF1,2008,M02,208.317,,
CWUR0000SAF1,2008,M03,208.571,,
CWUR0000SAF1,2008,M04,210.252,,
CWUR0000SAF1,2008,M05,211.200,,
CWUR0000SAF1,2008,M06,212.514,,
CWUR0000SAF1,2008,M07,214.577,,
CWUR0000SAF1,2008,M08,215.812,,
CWUR0000SAF1,2008,M09,217.090,,
CWUR0000SAF1,2008,M10,218.120,,
CWUR0000SAF1,2008,M11,218.114,,
CWUR0000SAF1,2008,M12,218.155,,
CWUR0000SAF1,2008,S01,209.775,,
CWUR0000SAF1,2008,S02,216.978,,
CWUR0000SAF1,2009,M01,218.998,,
CWUR0000SAF1,2009,M02,218.449,,
CWUR0000SAF1,2009,M03,217.855,,
CWUR0000SAF1,2009,M04,217.376,,
CWUR0000SAF1,2009,M05,216.975,,
CWUR0000SAF1,2009,M06,216.890,,
CWUR0000SAF1,2009,M07,216.384,,
CWUR0000SAF1,2009,M08,216.539,,
CWUR0000SAF1,2009,M09,216.313,,
CWUR0000SAF1,2009,M10,216.654,,
CWUR0000SAF1,2009,M11,216.305,,
CWUR0000SAF1,2009,M12,216.679,,
CWUR0000SAF1,2009,S01,217.757,,
CWUR0000SAF1,2009,S02,216.479,,
CWUR0000SAF1,2010,M01,217.900,,
CWUR0000SAF1,2010,M02,217.837,,
CWUR0000SAF1,2010,M03,218.066,,
CWUR0000SAF1,2010,M04,218.319,,
CWUR0000SAF1,2010,M05,218.427,,
CWUR0000SAF1,2010,M06,218.291,,
CWUR0000SAF1,2010,M07,218.276,,
CWUR0000SAF1,2010,M08,218.696,,
CWUR0000SAF1,2010,M09,219.376,,
CWUR0000SAF1,2010,M10,219.736,,
CWUR0000SAF1,2010,M11,219.768,,
CWUR0000SAF1,2010,M12,220.062,,
CWUR0000SAF1,2010,S01,218.140,,
CWUR0000SAF1,2010,S02,219.319,,
CWUR0000SAF1,2011,M01,222.039,,
CWUR0000SAF1,2011,M02,222.942,,
CWUR0000SAF1,2011,M03,224.577,,
CWUR0000SAF1,2011,M04,225.439,,
CWUR0000SAF1,2011,M05,226.257,,
CWUR0000SAF1,2011,M06,226.610,,
CWUR0000SAF1,2011,M07,227.585,,
CWUR0000SAF1,2011,M08,228.911,,
CWUR0000SAF1,2011,M09,229.967,,
CWUR0000SAF1,2011,M10,230.406,,
CWUR0000SAF1,2011,M11,230.143,,
CWUR0000SAF1,2011,M12,230.624,,
CWUR0000SAF1,2011,S01,224.644,,
CWUR0000SAF1,2011,S02,229.606,,
CWUR0000SAF1,2012,M01,231.980,,
CWUR0000SAF1,2012,M02,231.806,,
CWUR0000SAF1,2012,M03,232.126,,
CWUR0000SAF1,2012,M04,232.550,,
CWUR0000SAF1,2012,M05,232.594,,
CWUR0000SAF1,2012,M06,232.865,,
CWUR0000SAF1,2012,M07,232.958,,
CWUR0000SAF1,2012,M08,233.495,,
CWUR0000SAF1,2012,M09,233.558,,
CWUR0000SAF1,2012,M10,234.106,,
CWUR0000SAF1,2012,M11,234.106,,
CWUR0000SAF1,2012,M12,234.563,,
CWUR0000SAF1,2012,S01,232.320,,
CWUR0000SAF1,2012,S02,233.798,,
CWUR0000SAF1,2013,M01,235.535,,
CWUR0000SAF1,2013,M02,235.434,,
CWUR0000SAF1,2013,M03,235.490,,
CWUR0000SAF1,2013,M04,235.915,,
CWUR0000SAF1,2013,M05,235.585,,
CWUR0000SAF1,2013,M06,235.986,,
CWUR0000SAF1,2013,M07,236.186,,
CWUR0000SAF1,2013,M08,236.648,,
CWUR0000SAF1,2013,M09,236.759,,
CWUR0000SAF1,2013,M10,237.015,,
CWUR0000SAF1,2013,M11,236.780,,
CWUR0000SAF1,2013,M12,236.986,,
CWUR0000SAF1,2013,S01,235.658,,
CWUR0000SAF1,2013,S02,236.729,,
CWUR0000SAF1,2014,M01,237.976,,
CWUR0000SAF1,2014,M02,238.696,,
CWUR0000SAF1,2014,M03,239.619,,
CWUR0000SAF1,2014,M04,240.599,,
CWUR0000SAF1,2014,M05,241.549,,
CWUR0000SAF1,2014,M06,241.556,,
CWUR0000SAF1,2014,M07,242.284,,
CWUR0000SAF1,2014,M08,243.178,,
CWUR0000SAF1,2014,M09,244.067,,
CWUR0000SAF1,2014,M10,244.538,,
CWUR0000SAF1,2014,M11,244.543,,
CWUR0000SAF1,2014,M12,245.277,,
CWUR0000SAF1,2014,S01,239.999,,
CWUR0000SAF1,2014,S02,243.981,,
CWUR0000SAF1,2015,M01,245.866,,
CWUR0000SAF1,2015,M02,245.921,,
CWUR0000SAF1,2015,M03,245.369,,
CWUR0000SAF1,2015,M04,245.400,,
CWUR0000SAF1,2015,M05,245.382,,
CWUR0000SAF1,2015,M06,245.915,,
CWUR0000SAF1,2015,M07,246.221,,
CWUR0000SAF1,2015,M08,246.884,,
CWUR0000SAF1,2015,M09,247.925,,
CWUR0000SAF1,2015,M10,248.268,,
CWUR0000SAF1,2015,M11,247.434,,
CWUR0000SAF1,2015,M12,246.953,,
CWUR0000SAF1,2015,S01,245.642,,
CWUR0000SAF1,2015,S02,247.281,,
CWUR0000SAF1,2016,M01,247.610,,
CWUR0000SAF1,2016,M02,247.817,,
CWUR0000SAF1,2016,M03,246.994,,
CWUR0000SAF1,2016,M04,247.456,,
CWUR0000SAF1,2016,M05,246.768,,
CWUR0000SAF1,2016,M06,246.432,,
CWUR0000SAF1,2016,M07,246.497,,
CWUR0000SAF1,2016,M08,246.630,,
CWUR0000SAF1,2016,M09,246.841,,
CWUR0000SAF1,2016,M10,246.977,,
CWUR0000SAF1,2016,M11,246.197,,
CWUR0000SAF1,2016,M12,246.081,,
CWUR0000SAF1,2016,S01,247.180,,
CWUR0000SAF1,2016,S02,246.537,,
CWUR0000SAF1,2017,M01,246.968,,
CWUR0000SAF1,2017,M02,247.498,,
CWUR0000SAF1,2017,M03,247.881,,
CWUR0000SAF1,2017,M04,248.351,,
CWUR0000SAF1,2017,M05,248.701,,
CWUR0000SAF1,2017,M06,248.474,,
CWUR0000SAF1,2017,M07,249.080,,
CWUR0000SAF1,2017,M08,249.377,,
CWUR0000SAF1,2017,M09,249.836,,
CWUR0000SAF1,2017,M10,250.146,,
CWUR0000SAF1,2017,M11,249.585,,
CWUR0000SAF1,2017,M12,249.941,,
CWUR0000SAF1,2017,S01,247.979,,
CWUR0000SAF1,2017,S02,249.661,,
CWUR0000SAF1,2018,M01,251.108,,
CWUR0000SAF1,2018,M02,250.975,,
CWUR0000SAF1,2018,M03,251.062,,
CWUR0000SAF1,2018,M04,251.888,,
CWUR0000SAF1,2018,M05,251.651,,
CWUR0000SAF1,2018,M06,251.849,,
CWUR0000SAF1,2018,M07,252.373,,
CWUR0000SAF1,2018,M08,252.736,,
CWUR0000SAF1,2018,M09,253.093,,
CWUR0000SAF1,2018,M10,252.985,,
CWUR0000SAF1,2018,M11,253.025,,
CWUR0000SAF1,2018,M12,253.826,,
CWUR0000SAF1,2018,S01,251.422,,
CWUR0000SAF1,2018,S02,253.006,,
CWUR0000SAF1,2019,M01,255.082,,
CWUR0000SAF1,2019,M02,255.846,,
CWUR0000SAF1,2019,M03,256.322,,
CWUR0000SAF1,2019,M04,256.335,,
CWUR0000SAF1,2019,M05,256.638,,
CWUR0000SAF1,2019,M06,256.582,,
CWUR0000SAF1,2019,M07,256.828,,
CWUR0000SAF1,2019,M08,256.950,,
CWUR0000SAF1,2019,M09,257.423,,
CWUR0000SAF1,2019,M10,258.129,,
CWUR0000SAF1,2019,M11,257.799,,
CWUR0000SAF1,2019,M12,258.221,,
CWUR0000SAF1,2019,S01,256.134,,
CWUR0000SAF1,2019,S02,257.558,,
CWUR0000SAF1,2020,M01,259.489,,
CWUR0000SAF1,2020,M02,260.264,,
CWUR0000SAF1,2020,M03,261.103,,
CWUR0000SAF1,2020,M04,265.458,,
CWUR0000SAF1,2020,M05,267.366,,
CWUR0000SAF1,2020,M06,268.628,,
CWUR0000SAF1,2020,M07,267.730,,
CWUR0000SAF1,2020,M08,267.845,,
CWUR0000SAF1,2020,M09,267.877,,
CWUR0000SAF1,2020,M10,268.528,,
CWUR0000SAF1,2020,M11,267.683,,
CWUR0000SAF1,2020,M12,268.602,,
CWUR0000SAF1,2020,S01,263.718,,
CWUR0000SAF1,2020,S02,268.044,,